year,clutch_ge75
1989,0.830136986
1990,0.856164384
1991,0.738356164
1992,0.508219178
1993,0.878082192
1994,0.92739726
1995,0.915068493
1996,0.835616438
1997,0.789041096
1998,0.639726027
1999,0.565753425
2000,0.436986301
2001,0.847945205
2002,0.849315068
2003,0.536986301
2004,0.656164384
2005,0.846575342
2006,0.904109589
2007,0.695890411
2008,0.716438356
2009,0.750684932
2010,0.857534247
2011,0.910958904
2012,0.826027397
2013,0.695890411
2014,0.631506849
2015,0.706849315
2016,0.710958904
2017,0.789041096
2018,0.880821918
2019,0.865753425
2021,0.606849315
2022,0.376712329
2023,0.887671233
2024,0.901369863
