year,m27.5,m32.5,m37.5,m42.5,m47.5,m52.5,m57.5,m62.5,m67.5,m72.5,m77.5,m82.5,m87.5,m92.5,m97.5,m102.5,m107.5,m112.5,m117.5,m122.5,m127.5,m132.5,ret_n,tot_n
1990,0,0,0,0,0,0,0,0,0,0,0,0,0.000723327,0.002169982,0.009764919,0.031464738,0.074141049,0.149005425,0.2,0.24159132,0.148643761,0.142495479,265124637,377279831.6
1991,0,0,0,0,0,0,5.45E-06,5.45E-06,1.64E-05,0.000239944,0.000572594,0.001886834,0.004324448,0.014729299,0.04399158,0.119050476,0.186431158,0.225067621,0.196781476,0.128675508,0.056452317,0.021562255,227376582,269595698.1
1992,0,0,0,0,0,7.98E-06,7.98E-06,4.39E-05,2.39E-05,0.000159622,0.000706327,0.002498085,0.006520559,0.016860075,0.04560401,0.119333418,0.189567105,0.240821734,0.206187747,0.119161825,0.04089516,0.01160053,169531168,228447024.2
1993,0,0,0,0,0,0,1.16E-05,1.16E-05,8.67E-05,0.000392861,0.001230581,0.003581972,0.007140835,0.02004749,0.060945525,0.150685486,0.211665675,0.22074193,0.174372722,0.100318333,0.037535603,0.011231216,114810186,172553951.3
1994,0,0,0,1.92E-05,0,2.88E-05,9.61E-06,1.92E-05,8.65E-05,0.000874353,0.003045822,0.007542493,0.01305764,0.035877283,0.09651508,0.177272596,0.202455874,0.185968081,0.141452963,0.087531347,0.036232789,0.012010338,60591399,87717116.07
1995,0,0,0,0,0,0,1.03E-05,4.12E-05,0.000164673,0.000566065,0.002181923,0.007008913,0.017795023,0.04186822,0.106646631,0.194232313,0.212531648,0.187573331,0.12905251,0.069471604,0.023754143,0.007101542,52892320,98614526.74
1996,0,0,0,0,0,0,0,0,3.92E-05,0.000101795,0.000501143,0.001667867,0.005426442,0.02199549,0.095530429,0.253782065,0.262403295,0.18853165,0.104707614,0.046465374,0.014995145,0.003852539,100003933,169729803.3
1997,0,0,0,0,0,0,0,5.52E-06,2.21E-05,0.000127028,0.000347947,0.000624096,0.001855718,0.007384211,0.042593145,0.159243795,0.24536899,0.244010339,0.16949995,0.085804862,0.032944516,0.010167788,186631669,233383966.6
1998,0,0,0,0,0,0,0,1.98E-05,2.64E-05,9.23E-05,0.000210932,0.000665753,0.001885201,0.009050281,0.046866349,0.161856988,0.24725789,0.249070583,0.173946002,0.079672792,0.02394732,0.005431487,151166452,171630954.5
1999,0,0,0,0,0,0,0,0.000104225,0.000173708,0.000173708,0.00045164,0.001042246,0.001424402,0.006600889,0.035332129,0.131079767,0.217204002,0.261916342,0.201153419,0.105892162,0.029912451,0.007538911,25081681,33731847.54
2000,0,0,0,0,0,0,0,3.36E-05,0,0.000100861,0.000537924,0.001412049,0.003227542,0.006959387,0.028039268,0.111350188,0.193618881,0.24408284,0.223305541,0.132228349,0.043437332,0.011666218,18612605,27038449.9
2001,0,0,0,0,0,0,3.42E-05,0,0.000102638,0.000239488,0.000821102,0.001779055,0.003968661,0.012658661,0.051489959,0.179581922,0.224058298,0.214581409,0.169318143,0.097642752,0.035204762,0.008518937,25149121,37880996.27
2002,0,0,0,0,0,0,0,0,0,0.000104044,0.000762988,0.002393008,0.006866893,0.02441562,0.096240549,0.249601165,0.263092183,0.186966775,0.110876049,0.044149268,0.011965041,0.002566415,23248722,38774273.93
2003,0,0,0,0,0,0,0,3.62E-05,0.000108562,0.000180937,0.000289498,0.000434248,0.001447492,0.006658464,0.039227039,0.154375045,0.244915684,0.250379967,0.18318014,0.086921908,0.026416733,0.005428096,18669591,19822485.38
2004,0,0,0,0,0,0,0,4.47E-05,4.47E-05,0.000312723,0.000446748,0.000893495,0.002457112,0.008264832,0.030155468,0.096006076,0.17400822,0.228779485,0.225384203,0.150419943,0.064644389,0.018137956,17985745,25491274.79
2005,0,0,0,0,0,0,0,0,2.47E-05,2.47E-05,0.000271672,0.000469252,0.000815016,0.001679427,0.006643616,0.045023463,0.116448506,0.208742899,0.256483082,0.217238824,0.108273648,0.0378612,24551986,29473848.58
2006,0,0,0,0,0,0,0,0,2.90E-05,2.90E-05,5.79E-05,0.000753317,0.001535609,0.004809642,0.03569566,0.208524077,0.333429912,0.239497016,0.098365881,0.045633656,0.020310599,0.011328736,29620685,42938759.59
2007,0,0,0,0,0,0,0,0,4.01E-05,6.02E-05,0.000100281,0.000340955,0.001283594,0.004352186,0.037204172,0.210449258,0.322001604,0.234075411,0.116706779,0.054191737,0.015623746,0.003569996,50327591,68900067.28
2008,0,0,0,0,0,0,0,0,0,2.02E-05,0.00012118,0.000403934,0.000929049,0.005210753,0.038797891,0.184900935,0.284066811,0.23751338,0.141578979,0.075636701,0.025791206,0.005028982,45945092,61698552.45
2009,0,0,0,0,0,0,0,0,3.25E-05,3.25E-05,9.76E-05,0.000195154,0.000455359,0.002536998,0.018799805,0.116701903,0.213107822,0.234834933,0.212067003,0.13667263,0.051845829,0.012619938,35289022,46410796.01
2010,0,0,0,0,0,0,0,0,0,0,0,8.21E-05,0.000355736,0.001505035,0.010425788,0.061596979,0.143306699,0.228108581,0.269757005,0.191577277,0.075005473,0.018279335,37758496,46922181.85
2011,0,0,0,0,0,0,0,0,1.71E-05,0,0.000188037,0.000529924,0.001162413,0.002119694,0.01237628,0.065539582,0.142104993,0.21754218,0.255935999,0.194276825,0.083129626,0.025077352,60555105,70848909.05
2012,0,0,0,0,0,0,0,0,2.16E-05,0,6.48E-05,0.000280596,0.000798619,0.003496654,0.025771638,0.124390244,0.201273473,0.214849989,0.203539823,0.144506799,0.060889273,0.020116555,47455883,63829917.54
2013,0,0,0,0,0,0,0,0,0,5.13E-05,0.000128159,0.000128159,0.000974009,0.007125647,0.063003025,0.218331881,0.259009586,0.19836469,0.128979341,0.079689342,0.03357769,0.010637207,41926542,72789517.34
2014,0,0,0,0,0,0,0,2.19E-05,2.19E-05,2.19E-05,2.19E-05,0.000349895,0.000612316,0.004417425,0.039975507,0.203354619,0.292402904,0.227213086,0.12696816,0.067026767,0.028254024,0.009337824,55029818,87452738.64
2015,0,0,0,0,0,0,0,0,0,3.27E-05,0.000196399,0.000229133,0.000490998,0.00304419,0.035155483,0.141472995,0.196988543,0.185597381,0.163895254,0.145466448,0.091358429,0.036072013,29614529,56194745.18
2016,0,0,0,0,0,0,0,0,0,9.77E-05,0.000146556,0.000146556,0.000586224,0.003370787,0.034831461,0.156277479,0.226722032,0.196336102,0.161944309,0.130337079,0.065119687,0.024084025,16412386,27313614.62
2017,0,0,0,0,0,0,0,0,0.000131926,0,0.000263852,0.000263852,0.000527704,0.005211082,0.063126649,0.253298153,0.283311346,0.205672823,0.115567282,0.051583113,0.017216359,0.003825858,15695007,31815188.24
2018,0,0,0,0,0,0,9.08E-05,0,0,0.000181612,0.00045403,0.000953462,0.001498297,0.004494892,0.057253121,0.238274688,0.271555051,0.19800227,0.123087401,0.065289444,0.029057889,0.009807037,22470884,48618030.94
2019,0,0,0,0,0,0,0,0,0,6.44E-05,9.66E-05,0.000386274,0.000836928,0.009689049,0.096085753,0.293890427,0.269072298,0.161366124,0.086879547,0.046674821,0.0233696,0.011588232,28626114,76055053.47
2020,0,0,0,0,0,0,0,0,0,3.77E-05,0.00018848,0.00018848,0.00075392,0.005428227,0.073167973,0.283888721,0.304244572,0.194021411,0.087831725,0.03419029,0.011610374,0.00444813,37492237,59399239.74
2021,0,0,0,0,0,0,0,0,0,0,0,0.000138562,0.000415685,0.004711099,0.081335735,0.288069835,0.296106415,0.199944575,0.089233754,0.031453513,0.007066648,0.001524179,4594948,8610442.722
2024,0,0,0,0,0,0,0,0,0,0,0,0,0,0.001242236,0.014596273,0.09068323,0.193478261,0.251552795,0.227018634,0.147204969,0.054037267,0.020186335,3474713,5029670
2025,0,0,0,0,0,0,0,0,0,0,0,0.000216263,0.000432526,0.001946367,0.01816609,0.131055363,0.215181661,0.267733564,0.208910035,0.11267301,0.034602076,0.009083045,6938652,13752445.29
1990,3.14E-05,3.14E-05,1.25E-05,5.02E-05,9.41E-05,0.000169364,0.000520637,0.001957094,0.003562916,0.009145653,0.015794756,0.022776314,0.045119809,0.098143269,0.15696274,0.194655627,0.163567934,0.134010789,0.088495797,0.044636808,0.015380755,0.0047861,112155194.6,
1991,1.65E-05,0,8.23E-06,8.23E-06,8.23E-06,8.23E-06,0.000148158,0.000296316,0.000987719,0.003679255,0.007210351,0.0134906,0.022157838,0.048776874,0.085421262,0.135292859,0.174488855,0.197757877,0.1623646,0.0932654,0.03839759,0.016173904,42219116.05,
1992,0,0,0,7.35E-06,0,1.47E-05,0.000139712,0.000286777,0.00076474,0.004434019,0.010103387,0.02132447,0.033317646,0.053200877,0.077400474,0.127483565,0.173022339,0.212604968,0.166580879,0.087739165,0.025221701,0.006353221,58915856.21,
1993,5.99E-06,0,0,0,0,5.99E-06,4.19E-05,0.000275454,0.001658712,0.007934274,0.024766912,0.04169536,0.049527836,0.070576118,0.097552651,0.135529381,0.162859213,0.172679749,0.13184668,0.069815625,0.025407642,0.0078205,57743765.34,
1994,0,0,0,0,0,1.29E-05,0.000336343,0.002729554,0.010788854,0.042663838,0.08111045,0.095430907,0.086828284,0.087966676,0.097668883,0.118884376,0.12314041,0.105016688,0.079428734,0.044487853,0.017852061,0.005653153,27125717.07,
1995,0,0,0,0,0,0,0.000210452,0.001762532,0.005695345,0.022597235,0.049942783,0.085706394,0.107474976,0.125481737,0.11994423,0.125021374,0.117760796,0.10736975,0.076104542,0.038565247,0.012995383,0.003367225,45722206.74,
1996,0,0,0,7.79E-06,0,0,7.01E-05,0.000459401,0.001853178,0.006299249,0.016024543,0.036526303,0.065982496,0.117957143,0.174518018,0.204893014,0.169986296,0.113152895,0.058554209,0.024605226,0.007560657,0.00154172,69725870.25,
1997,0,0,0,3.68E-06,0,0.00010303,0.000180302,0.000588742,0.001744148,0.005799107,0.012415092,0.024944254,0.043254123,0.081334678,0.137898045,0.173388135,0.179643517,0.156965919,0.104045392,0.051426595,0.019641898,0.006623345,46752297.58,
1998,0,0,0,0,0,8.87E-06,8.87E-05,0.000434725,0.001410637,0.004471455,0.00995431,0.020999867,0.036215233,0.074701681,0.130364193,0.17728785,0.187206672,0.172807523,0.11548596,0.051004746,0.014372532,0.003185024,20464502.51,
1999,1.97E-05,0,0,0,0,0,5.91E-05,0.001320093,0.003231272,0.00711274,0.011664105,0.014954486,0.017279426,0.035346968,0.07339323,0.126295464,0.179315916,0.215628325,0.180399574,0.096209166,0.031209363,0.006561059,8650166.536,
2000,0,0,0,0,0,1.54E-05,4.61E-05,0.000368885,0.000906841,0.002244048,0.006978067,0.016599806,0.028342632,0.048723506,0.093127988,0.15285655,0.18903798,0.194894023,0.158804814,0.078311123,0.022963065,0.005779192,8425844.899,
2001,0,0,0,1.12E-05,0,2.23E-05,0.000211893,0.000657983,0.002107775,0.008631842,0.018958826,0.03642325,0.050798501,0.077954231,0.13196458,0.185093902,0.177722264,0.142548066,0.096645403,0.050084757,0.016126154,0.004037115,12731875.27,
2002,0,8.13E-05,9.48E-05,4.06E-05,2.71E-05,1.35E-05,0.000176066,0.000907416,0.003087925,0.009155426,0.022509345,0.045966737,0.073080882,0.122392871,0.179126713,0.19784387,0.158405114,0.102646406,0.055135706,0.022279105,0.005688282,0.001340809,15525551.93,
2003,0,0,0,0,0,2.28E-05,9.11E-05,0.000273423,0.00086584,0.003736785,0.007154575,0.014218009,0.023582756,0.05160864,0.094672803,0.159155122,0.199234415,0.203518046,0.148332118,0.07006471,0.019025702,0.004443128,1152894.383,
2004,0,0,0,0,2.27E-05,4.54E-05,0.000113533,0.002247956,0.005358765,0.010626703,0.013555858,0.01684832,0.022752044,0.0376703,0.064577657,0.104019074,0.16219346,0.200544959,0.185853769,0.118346957,0.044028156,0.011194369,7505529.788,
2005,0,0,0,0,7.92E-06,8.71E-05,0.000324734,0.000871239,0.001980088,0.004601725,0.012363671,0.029051855,0.041700658,0.048741852,0.060978797,0.091432554,0.123042683,0.169709402,0.182651259,0.140974362,0.065770611,0.025709466,4921862.577,
2006,0,0,0,0,0,0,5.90E-05,0.00035961,0.00080765,0.002894569,0.009526729,0.033414295,0.058227415,0.07568326,0.119508572,0.209664678,0.238804914,0.145866248,0.058811045,0.028786521,0.012739642,0.004845898,13318074.59,
2007,0,0,4.49E-06,0,0,4.49E-06,1.35E-05,0.000237979,0.000790269,0.002631236,0.005989879,0.017341015,0.031920578,0.065376792,0.123205618,0.215774845,0.2402193,0.167375364,0.080845408,0.035355554,0.010453102,0.00246061,18572476.28,
2008,0,0,0,0,5.20E-06,0,5.20E-06,9.88E-05,0.000457804,0.001201735,0.003121391,0.010180937,0.022005806,0.05377116,0.121167192,0.214574815,0.235628596,0.176972459,0.096310516,0.046555545,0.015019093,0.002923703,15753460.45,
2009,0,0,0,0,0,0,3.86E-05,0.000192957,0.000713941,0.002103232,0.004913973,0.00960283,0.016671491,0.038996623,0.091570992,0.153928284,0.190448625,0.186640939,0.160437369,0.097945007,0.036771185,0.009023959,11121774.01,
2010,0,0,0,0,0,0,5.31E-06,3.19E-05,0.000122109,0.000408798,0.00085476,0.002155481,0.004820633,0.016155492,0.048317822,0.098998179,0.154945131,0.209755942,0.230838249,0.159197694,0.058978429,0.014414118,9163685.851,
2011,0,0,0,0,6.05E-06,0.000139104,0.000622944,0.001874879,0.002292191,0.003398974,0.006029853,0.012579834,0.016099768,0.023587188,0.048710567,0.092135185,0.134791707,0.18680448,0.214891378,0.162848365,0.069902748,0.023284788,10293804.05,
2012,0,0,4.27E-06,0,0,1.28E-05,0.000132407,0.000700478,0.001512006,0.003258929,0.008461256,0.018374721,0.028134423,0.044804934,0.090545262,0.155352246,0.17614874,0.168853523,0.145554103,0.100685101,0.043433877,0.014013822,16374034.54,
2013,0,0,0,0,0,2.92E-05,9.58E-05,0.000662376,0.001574705,0.00474911,0.013060051,0.032223125,0.050823804,0.089587369,0.162194589,0.203765961,0.176246121,0.121448062,0.076327355,0.044437501,0.017250932,0.005515632,30862975.34,
2014,0,0,0,0,0,9.51E-06,9.99E-05,0.000713467,0.001950143,0.006854039,0.019315928,0.041247901,0.052682398,0.072640446,0.131387313,0.19997051,0.202305925,0.139720606,0.074633397,0.037652028,0.01445484,0.004356905,32422920.64,
2015,0,0,0,0,6.69E-06,6.69E-06,0.000167293,0.00046173,0.002061055,0.005882038,0.015892879,0.032722601,0.051098114,0.085440116,0.133734392,0.159477509,0.149245841,0.120377682,0.095263588,0.079531311,0.047899463,0.020724314,26580216.18,
2016,0,0,0,0,0,1.11E-05,8.86E-05,0.000365424,0.001616725,0.006068257,0.016554825,0.033929086,0.050494984,0.078953779,0.129648085,0.161096716,0.152913428,0.122760392,0.097712223,0.080470844,0.046608199,0.020707373,10901228.62,
2017,0,0,0,0,0,4.65E-05,0.000360155,0.001916955,0.004147594,0.01195483,0.027755187,0.045855891,0.065130004,0.108290541,0.177359017,0.199061273,0.160710551,0.105885633,0.056916142,0.02479262,0.007342519,0.002474615,16120181.24,
2018,0,0,0,0,0,0.000108365,0.00037386,0.00193432,0.004323774,0.012830446,0.035424602,0.070063556,0.095968271,0.129870341,0.173178516,0.181761044,0.133132135,0.082536397,0.044380991,0.022496627,0.008636711,0.002980045,26147146.94,
2019,0,0,0,0,3.06E-06,2.45E-05,0.000198785,0.000770673,0.002556677,0.008306141,0.023288388,0.05873628,0.103692196,0.171202525,0.232474074,0.189594693,0.107869732,0.054855392,0.026606562,0.012272659,0.00534272,0.002204981,47428939.47,
2020,0,0,0,0,0,0,2.36E-05,0.000111896,0.000895166,0.003698447,0.012332083,0.034799559,0.068815849,0.131730673,0.193703217,0.21244869,0.165664513,0.100770902,0.044852504,0.019817316,0.007591239,0.002744389,21907002.74,
2021,0,0,0,0,0,0,0,3.56E-05,0.000285195,0.001212078,0.004456169,0.013582403,0.030373249,0.076860005,0.162382803,0.222844105,0.215678585,0.159103062,0.075647927,0.028733378,0.007450715,0.001354675,4015494.722,
2024,0,0,0,0,0,0,0,3.94E-05,0.000157425,0.001377465,0.004525955,0.016057303,0.02605376,0.043173679,0.078043213,0.143295683,0.184934472,0.203746704,0.16246212,0.094139872,0.032311386,0.009681609,1554957,
2025,0,0,0,0,2.58E-05,0.000309262,0.001623628,0.008453173,0.01353023,0.018529973,0.04002371,0.076052781,0.084428638,0.081645276,0.105071904,0.132106592,0.137157878,0.125766713,0.099711355,0.053450853,0.017705273,0.004406989,6813793.293,
