season,exp_rate
1988,0.502834467
1989,0.471088443
1990,0.72392291
1991,0.744331066
1992,0.721655328
1993,0.543650778
1994,0.493764181
1995,0.428004507
1996,0.456349179
1997,0.567460328
1998,0.540249426
1999,0.150226719
2000,0.169501148
2001,0.325963687
2002,0.304421762
2003,0.201247129
2004,0.201247129
2005,0.206916064
2006,0.375850327
2007,0.380385492
2008,0.430272089
2009,0.332766434
2010,0.230725571
2011,0.164965983
2012,0.384920614
2013,0.480158729
2014,0.44501131
2015,0.559523812
2016,0.509637171
2017,0.348639425
2018,0.303287949
2019,0.642290246
2020,0.379251679
2021,0.67403627
2022,0.231859427
