year,m27.5,m32.5,m37.5,m42.5,m47.5,m52.5,m57.5,m62.5,m67.5,m72.5,m77.5,m82.5,m87.5,m92.5,m97.5,m102.5,m107.5,m112.5,m117.5,m122.5,m127.5,m132.5
1990,0,0,0,0,0,0,0,0,0,0,0,0,191771.8083,575315.69,2588920.605,8342077.241,19656618.7,39505009.21,53024927.4,64051811.02,39409123.18,37779062.14
1991,0,0,0,0,0,0,1.24E+03,1.24E+03,3.73E+03,54557.64659,130194.4666,429021.8657,983278.2053,3349097.662,10002655.1,27069290.32,42390079.48,51175106.38,44743499.41,29257797.2,12835934.89,4902751.842
1992,0,0,0,0,0,1.35E+03,1.35E+03,7.44E+03,4.05E+03,27060.9041,119744.4413,423503.2678,1105437.983,2858308.207,7731301.081,20230733.73,32137532.73,40826789.84,34955249.58,20201643.37,6933004.24,1966651.4
1993,0,0,0,0,0,0,1.33E+03,1.33E+03,9.95E+03,45104.44448,141283.2335,411246.8716,819840.5945,2301656.056,6997167.061,17300228.68,24301375.52,25343422.04,20019764.65,11517566.47,4309469.562,1289457.998
1994,0,0,0,1.16E+03,0,1.75E+03,5.82E+02,1.16E+03,5.24E+03,52978.27149,184550.6161,457010.2028,791180.6752,2173854.769,5847983.722,10741194.6,12267084.64,11268066.2,8570832.921,5303646.771,2195395.375,727723.1819
1995,0,0,0,0,0,0,5.45E+02,2.18E+03,8709.937011,29940.49112,115406.9695,370717.6692,941220.0509,2214507.29,5640787.734,10273397.65,11241291.94,9921188.647,6825886.656,3674514.31,1256411.733,375617.032
1996,0,0,0,0,0,0,0,0,3.92E+03,10179.90036,50116.271,166793.2597,542665.5422,2199635.508,9553418.621,25379204.62,26241361.53,18853906.49,10471173.22,4646720.148,1499573.476,385269.052
1997,0,0,0,0,0,0,0,1.03E+03,4.12E+03,23707.44765,64937.92933,116476.0781,346335.7475,1378127.623,7949229.739,29719935.24,45793624.12,45540056.82,31634058.56,16013904.6,6148490.005,1897631.244
1998,0,0,0,0,0,0,0,2.99E+03,3.99E+03,1.40E+04,31885.84205,100639.5189,284979.1465,1368098.868,7084619.697,24467346.61,37377097.96,37651116.33,26294799.96,12043853.29,3620031.399,821058.6189
1999,0,0,0,0,0,0,0,2614.138202,4356.888643,4356.888643,11327.89041,26141.2817,35726.39658,165561.3922,886189.1886,3287700.901,5447841.49,6569302.139,5045265.887,2655953.428,750254.5539,189088.5608
2000,0,0,0,0,0,0,0,6.25E+02,0,1877.285953,10012.16693,26281.91028,60072.96437,129532.3213,521883.8198,2072517.066,3603751.753,4543017.488,4156297.829,2461114.03,808481.9028,217138.7075
2001,0,0,0,0,0,0,8.60E+02,0,2581.255481,6022.91269,20649.99355,44741.66946,99808.3357,318354.1972,1294927.209,4516327.486,5634869.247,5396533.819,4258202.466,2455629.385,885368.8193,214243.7774
2002,0,0,0,0,0,0,0,0,0,2418.890032,17738.4959,55634.37774,159646.4864,567631.9618,2237469.769,5802908.096,6116557.023,4346738.575,2577726.44,1026414.058,278171.9119,59665.86887
2003,0,0,0,0,0,0,0,6.76E+02,2026.808138,3378.019787,5404.809255,8107.232553,27024.08362,124310.7996,732352.7743,2882118.951,4572475.65,4674491.578,3419898.293,1622796.471,493189.6007,101340.3322
2004,0,0,0,0,0,0,0,8.04E+02,8.04E+02,5624.556134,8035.095607,16070.17323,44192.98987,148649.1608,542368.5578,1726740.801,3129667.473,4114769.478,4053702.802,2705414.738,1162677.496,326224.6514
2005,0,0,0,0,0,0,0,0,6.06E+02,6.06E+02,6670.087141,11521.06853,20010.26142,41233.26819,163113.967,1105415.433,2859042.089,5125052.734,6297169.039,5333644.566,2658333.09,929567.6523
2006,0,0,0,0,0,0,0,0,8.59E+02,8.59E+02,1.72E+03,22313.76556,45485.79047,142464.8906,1057329.901,6176626,9876422.393,7094065.669,2913664.776,1351700.15,601613.8551,335564.9205
2007,0,0,0,0,0,0,0,0,2.02E+03,3.03E+03,5046.901153,17159.44379,64600.19384,219035.037,1872396.352,10591404.18,16205565.03,11780451.55,5873571.04,2727339.575,786305.4986,179669.2986
2008,0,0,0,0,0,0,0,0,0,9.28E+02,5567.626249,18558.78479,42685.24178,239408.526,1782572.671,8495290.469,13051475.77,10912574.1,6504859.215,3475135.186,1184979.332,231057.0407
2009,0,0,0,0,0,0,0,0,1.15E+03,1.15E+03,3.44E+03,6886.793799,16069.17377,89528.17824,663426.7322,4118296.022,7520366.619,8287095.117,7483637.134,4823043.447,1829588.6,445345.2697
2010,0,0,0,0,0,0,0,0,0,0,0,3.10E+03,13432.05633,56827.85803,393662.0745,2325809.285,5411045.421,8613036.943,10185618.79,7233669.847,2832093.852,690200.1975
2011,0,0,0,0,0,0,0,0,1.04E+03,0,11386.60028,32089.60346,70390.04127,128358.2927,749446.9349,3968756.27,8605182.772,13173289.55,15498231.29,11764453.54,5033923.231,1518561.683
2012,0,0,0,0,0,0,0,0,1.03E+03,0,3.08E+03,13315.93095,37899.16983,165936.8031,1223015.838,5903048.866,9551610.386,10195895.94,9659162.026,6857697.746,2889554.215,954648.8804
2013,0,0,0,0,0,0,0,0,0,2.15E+03,5373.263696,5373.263696,40836.82925,298753.7382,2641498.974,9153900.779,10859376.29,8316745.507,5407657.758,3341098.544,1407796.43,445981.306
2014,0,0,0,0,0,0,0,1.21E+03,1.21E+03,1.21E+03,1.21E+03,19254.65817,33695.63804,243090.0938,2199844.875,11190567.67,16090878.59,12503494.77,6987034.737,3688470.789,1554813.798,513858.7552
2015,0,0,0,0,0,0,0,0,0,9.68E+02,5816.263881,6785.665873,14540.67451,90152.25304,1041113.071,4189656.113,5833722.919,5496379.022,4853680.753,4307920.343,2705536.845,1068255.675
2016,0,0,0,0,0,0,0,0,0,1.60E+03,2405.333643,2405.333643,9621.33457,55322.65737,571667.3829,2564886.308,3721049.504,3222343.892,2657892.51,2139142.451,1068769.439,395276.3147
2017,0,0,0,0,0,0,0,0,2070.579493,0,4141.158987,4141.158987,8282.317974,81787.96847,990773.1979,3975516.284,4446573.559,3228036.397,1813829.3,809597.3196,270210.875,60046.86809
2018,0,0,0,0,0,0,2.04E+03,0,0,4080.982185,10202.45546,21425.134,33668.05808,101004.1967,1286528.241,5354242.874,6102082.051,4449286.041,2765882.71,1467111.523,652956.453,220372.7908
2019,0,0,0,0,0,0,0,0,0,1.84E+03,2.77E+03,11057.52356,23957.99634,277359.8212,2750561.719,8412940.867,7702494.277,4619285.061,2487023.817,1336118.747,668980.8337,331726.0503
2020,0,0,0,0,0,0,0,0,0,1.41E+03,7066.53683,7066.53683,28266.14732,203516.3732,2743230.985,10643623.21,11406809.6,7274296.724,3293007.85,1281870.456,435298.8937,166770.3442
2021,0,0,0,0,0,0,0,0,0,0,0,636.6851848,1910.050959,21647.25493,373733.4729,1323665.912,1360593.579,918734.925,410024.4595,144527.2567,32470.88009,7003.523248
2024,0,0,0,0,0,0,0,0,0,0,0,0,0,4316.413578,50717.85954,315098.1982,672281.4287,874073.767,788824.5988,511495.0194,187763.9941,70141.72065
2025,0,0,0,0,0,0,0,0,0,0,0,1500.573697,3001.147395,13505.16328,126048.1767,909347.5566,1493070.662,1857710.029,1449554.032,781798.8062,240091.7638,63024.08836
