0.0368,0.4593,0.4499,0.0531,0.001,0,0,0,0,0,0,0,0,0,0,0,0,0,0,0,0,0
0,0.0202,0.3287,0.5238,0.122,0.0052,0.0001,0,0,0,0,0,0,0,0,0,0,0,0,0,0,0
0,0,0.0111,0.2244,0.5321,0.2141,0.018,0.0004,0,0,0,0,0,0,0,0,0,0,0,0,0,0
0,0,0,0.0062,0.148,0.4891,0.3094,0.0455,0.0018,0,0,0,0,0,0,0,0,0,0,0,0,0
0,0,0,0,0.0034,0.0952,0.4169,0.3868,0.0912,0.0063,0.0001,0,0,0,0,0,0,0,0,0,0,0
0,0,0,0,0,0.0019,0.0601,0.3351,0.4324,0.153,0.0168,0.0006,0,0,0,0,0,0,0,0,0,0
0,0,0,0,0,0,0.0011,0.0374,0.2571,0.4424,0.2229,0.0369,0.0022,0.0001,0,0,0,0,0,0,0,0
0,0,0,0,0,0,0,0.0006,0.023,0.19,0.4212,0.2898,0.0689,0.0062,0.0002,0,0,0,0,0,0,0
0,0,0,0,0,0,0,0,0.0003,0.014,0.1362,0.3781,0.3432,0.1127,0.0146,0.0008,0,0,0,0,0,0
0,0,0,0,0,0,0,0,0,0.0002,0.0085,0.0952,0.3232,0.3761,0.165,0.0295,0.0023,0.0001,0,0,0,0
0,0,0,0,0,0,0,0,0,0,0.0001,0.0051,0.0651,0.2651,0.386,0.2199,0.0527,0.0057,0.0003,0,0,0
0,0,0,0,0,0,0,0,0,0,0,0.0001,0.0031,0.0438,0.21,0.3747,0.2707,0.0847,0.0122,0.0009,0,0
0,0,0,0,0,0,0,0,0,0,0,0,0,0.0018,0.029,0.1613,0.3467,0.3111,0.1243,0.0234,0.0022,0.0001
0,0,0,0,0,0,0,0,0,0,0,0,0,0,0.0011,0.0189,0.1209,0.3079,0.3371,0.1686,0.0406,0.0049
0,0,0,0,0,0,0,0,0,0,0,0,0,0,0,0.0006,0.0124,0.0894,0.2664,0.3503,0.2156,0.0652
0,0,0,0,0,0,0,0,0,0,0,0,0,0,0,0,0.0004,0.0088,0.0718,0.247,0.3849,0.287
0,0,0,0,0,0,0,0,0,0,0,0,0,0,0,0,0,0.0004,0.0091,0.0818,0.3218,0.5869
0,0,0,0,0,0,0,0,0,0,0,0,0,0,0,0,0,0,0.0008,0.0181,0.1799,0.8013
0,0,0,0,0,0,0,0,0,0,0,0,0,0,0,0,0,0,0.0001,0.0033,0.0837,0.9129
0,0,0,0,0,0,0,0,0,0,0,0,0,0,0,0,0,0,0,0.0006,0.0359,0.9636
0,0,0,0,0,0,0,0,0,0,0,0,0,0,0,0,0,0,0,0,0.0148,0.9852
0,0,0,0,0,0,0,0,0,0,0,0,0,0,0,0,0,0,0,0,0,1
